{
  "exist@90": 0.9719248334206783,
  "mrr@10": 0.5878225376147729
}