{
  "exist@90": 0.9565022085797709,
  "mrr@10": 0.5472496437870339,
  "mrr@20": 0.5518437143821913
}