{
  "exist@90": 0.9739462454143895,
  "mrr@10": 0.7714321068199195
}